mutation,category,dms_key,has_single_observation,observed_single_brightness_mean,ridge_coefficient,local_dms_score
L220V,dms_brightness_safe,L220V,True,3.793346556,0.21898770616522753,0.4307903627014579
L194M,dms_brightness_safe,L194M,True,3.75345043,-0.04354535816417648,0.08846504637205399
D102E,dms_brightness_safe,D102E,True,3.747132961,-0.2774434869681687,-0.1580680204319379
L220Q,dms_brightness_safe,L220Q,True,3.747805979,0.0774158810872451,0.19813738362347516
Q183L,dms_brightness_safe,Q183L,True,3.691278187,0.12266737012560527,0.13033328866183572
A226T,dms_brightness_safe,A226T,True,3.727954019,0.023527732718470477,0.10454531525470051
A226D,dms_brightness_safe,A226D,True,3.679188955,-0.026327778380950156,-0.042840323844719946
V11L,dms_brightness_safe,V11L,True,3.649294271,0.021656305827059717,-0.05464560763670975
T49S,dms_brightness_safe,T49S,True,3.686858261,-0.03313999597897032,-0.03431392944274025
Q183R,dms_brightness_safe,Q183R,True,3.744688098,0.1129161757111331,0.22740191624736383
H148S,literature_brightness_prior,H147S,False,,,0.0
N198D,negative_supercharging,N198D,False,,,0.0
K101E,negative_supercharging,K101E,False,,,0.0
K156E,negative_supercharging,K156E,False,,,0.0
K166E,negative_supercharging,K166E,False,,,0.0
K214E,negative_supercharging,K214E,False,,,0.0
N212D,negative_supercharging,N212D,False,,,0.0
N164Y,folding_prior,N163Y,True,3.71817107,0.0454435846399316,0.10689526917616189
N149K,folding_prior,N148K,False,,,0.0
S208L,folding_prior,S207L,False,,,0.0
F46L,optional_risk,F45L,True,3.68584989,-0.18667098150201972,-0.1898616569657891
